日付,始値,高値,安値,終値,売買高
2026/03/13 09:00:00,156,156.1,155.6,156,60779200
2026/03/13 09:01:00,156,156.7,155.9,156.6,6742000
2026/03/13 09:02:00,156.7,156.7,156.2,156.4,1600400
2026/03/13 09:03:00,156.5,156.5,156.1,156.2,3384300
2026/03/13 09:04:00,156.2,156.4,155.6,156.2,3791200
2026/03/13 09:05:00,156.1,156.4,156.1,156.2,1307700
2026/03/13 09:06:00,156.1,156.4,156.1,156.3,1026400
2026/03/13 09:07:00,156.3,156.3,155.9,156.2,1904500
2026/03/13 09:08:00,156.2,156.4,156.1,156.3,527000
2026/03/13 09:09:00,156.4,156.4,156,156.1,1941100
2026/03/13 09:10:00,156.1,156.5,156.1,156.4,2348900
2026/03/13 09:11:00,156.4,156.5,156.3,156.4,504600
2026/03/13 09:12:00,156.4,156.9,156.4,156.8,3296300
2026/03/13 09:13:00,156.7,156.9,156.6,156.7,1896900
2026/03/13 09:14:00,156.7,156.8,156.6,156.7,1093300
2026/03/13 09:15:00,156.8,157.3,156.7,157.3,9221700
2026/03/13 09:16:00,157.2,157.4,157.2,157.3,3047100
2026/03/13 09:17:00,157.4,157.4,157.1,157.2,2302100
2026/03/13 09:18:00,157.3,157.3,157.1,157.3,1102000
2026/03/13 09:19:00,157.3,157.3,156.9,157.1,4571500
2026/03/13 09:20:00,157.1,157.3,157,157.3,758500
2026/03/13 09:21:00,157.3,157.4,157.2,157.3,2311900
2026/03/13 09:22:00,157.3,157.5,157.3,157.4,2120800
2026/03/13 09:23:00,157.4,157.6,157.4,157.5,2624500
2026/03/13 09:24:00,157.4,157.6,157.4,157.4,1293000
2026/03/13 09:25:00,157.4,157.6,157.4,157.6,527700
2026/03/13 09:26:00,157.5,157.6,157.5,157.5,170100
2026/03/13 09:27:00,157.6,157.7,157.5,157.5,2485300
2026/03/13 09:28:00,157.6,157.6,157.4,157.5,1395000
2026/03/13 09:29:00,157.5,157.5,157.4,157.5,554500
2026/03/13 09:30:00,157.5,157.6,157.5,157.5,116400
2026/03/13 09:31:00,157.5,157.6,157.5,157.5,162500
2026/03/13 09:32:00,157.5,157.5,157.2,157.3,3683700
2026/03/13 09:33:00,157.2,157.5,157.2,157.3,685600
2026/03/13 09:34:00,157.3,157.4,157.2,157.3,1894700
2026/03/13 09:35:00,157.3,157.5,157.2,157.2,2226100
2026/03/13 09:36:00,157.3,157.4,157.3,157.3,580600
2026/03/13 09:37:00,157.3,157.4,157.2,157.3,804900
2026/03/13 09:38:00,157.3,157.4,157.2,157.2,310300
2026/03/13 09:39:00,157.2,157.3,157.1,157.1,1179500
2026/03/13 09:40:00,157.2,157.4,157.1,157.3,1567600
2026/03/13 09:41:00,157.4,157.4,157.3,157.4,70500
2026/03/13 09:42:00,157.4,157.5,157.3,157.4,916900
2026/03/13 09:43:00,157.5,157.5,157.4,157.4,2687400
2026/03/13 09:44:00,157.5,157.5,157.4,157.5,853400
2026/03/13 09:45:00,157.5,157.6,157.4,157.5,707800
2026/03/13 09:46:00,157.5,157.6,157.4,157.5,466000
2026/03/13 09:47:00,157.5,157.6,157.5,157.5,158900
2026/03/13 09:48:00,157.5,157.6,157.4,157.5,1494400
2026/03/13 09:49:00,157.5,157.6,157.5,157.5,91000
2026/03/13 09:50:00,157.5,157.8,157.5,157.7,3622300
2026/03/13 09:51:00,157.7,157.8,157.6,157.6,521100
2026/03/13 09:52:00,157.6,157.7,157.6,157.6,78200
2026/03/13 09:53:00,157.7,157.8,157.6,157.7,1423000
2026/03/13 09:54:00,157.7,157.8,157.6,157.7,821500
2026/03/13 09:55:00,157.7,157.8,157.6,157.8,262800
2026/03/13 09:56:00,157.7,157.8,157.7,157.7,608200
2026/03/13 09:57:00,157.7,157.7,157.6,157.7,376900
2026/03/13 09:58:00,157.7,157.7,157.6,157.7,68200
2026/03/13 09:59:00,157.6,157.7,157.5,157.6,2127200
2026/03/13 10:00:00,157.5,157.7,157.5,157.6,500100
2026/03/13 10:01:00,157.6,157.7,157.6,157.7,60900
2026/03/13 10:02:00,157.6,157.7,157.6,157.6,74000
2026/03/13 10:03:00,157.7,157.7,157.6,157.6,328800
2026/03/13 10:04:00,157.7,157.7,157.6,157.7,157100
2026/03/13 10:05:00,157.7,157.7,157.6,157.6,160600
2026/03/13 10:06:00,157.6,157.7,157.6,157.6,249600
2026/03/13 10:07:00,157.6,157.7,157.6,157.6,2435700
2026/03/13 10:08:00,157.6,157.7,157.3,157.3,4950100
2026/03/13 10:09:00,157.4,157.4,157.2,157.2,1009500
2026/03/13 10:10:00,157.2,157.2,156.8,156.9,1217600
2026/03/13 10:11:00,156.9,157,156.9,157,963200
2026/03/13 10:12:00,156.9,157,156.7,156.8,1121300
2026/03/13 10:13:00,156.9,156.9,156.8,156.8,141600
2026/03/13 10:14:00,156.8,156.9,156.7,156.8,123800
2026/03/13 10:15:00,156.7,156.8,156.7,156.7,56100
2026/03/13 10:16:00,156.8,156.8,156.7,156.8,73500
2026/03/13 10:17:00,156.7,156.8,156.7,156.8,111600
2026/03/13 10:18:00,156.7,156.8,156.3,156.4,3513700
2026/03/13 10:19:00,156.4,156.4,156.3,156.4,169500
2026/03/13 10:20:00,156.3,156.4,156.3,156.4,890900
2026/03/13 10:21:00,156.4,156.6,156.3,156.4,1112900
2026/03/13 10:22:00,156.4,156.5,156.3,156.3,178000
2026/03/13 10:23:00,156.4,156.4,156.3,156.4,136200
2026/03/13 10:24:00,156.4,156.4,156.2,156.3,715000
2026/03/13 10:25:00,156.3,156.5,156.3,156.5,307500
2026/03/13 10:26:00,156.5,156.5,156.4,156.5,69200
2026/03/13 10:27:00,156.5,156.5,156.4,156.4,53900
2026/03/13 10:28:00,156.4,156.5,156.4,156.5,117600
2026/03/13 10:29:00,156.4,156.5,156.4,156.5,51600
2026/03/13 10:30:00,156.5,156.5,156.4,156.5,646500
2026/03/13 10:31:00,156.4,156.5,156.4,156.5,12400
2026/03/13 10:32:00,156.4,156.5,156.4,156.5,162000
2026/03/13 10:33:00,156.5,156.5,156.4,156.4,45700
2026/03/13 10:34:00,156.4,156.5,156.4,156.5,18700
2026/03/13 10:35:00,156.4,156.5,156.4,156.4,64100
2026/03/13 10:36:00,156.4,156.5,156.4,156.5,56500
2026/03/13 10:37:00,156.4,156.5,155.9,156,3876500
2026/03/13 10:38:00,156,156.1,156,156.1,1110300
2026/03/13 10:39:00,156,156.2,156,156.1,490000
2026/03/13 10:40:00,156.1,156.1,155.9,156,255000
2026/03/13 10:41:00,156,156,155.8,155.8,272700
2026/03/13 10:42:00,155.9,156.1,155.8,156.1,891000
2026/03/13 10:43:00,156.1,156.1,156.1,156.1,64100
2026/03/13 10:44:00,156,156.1,156,156.1,32100
2026/03/13 10:45:00,156,156.1,156,156.1,105200
2026/03/13 10:46:00,156.1,156.1,156,156,26700
2026/03/13 10:47:00,156,156,155.9,155.9,1212700
2026/03/13 10:48:00,155.9,155.9,155.8,155.9,83800
2026/03/13 10:49:00,155.9,155.9,155.8,155.8,60400
2026/03/13 10:50:00,155.9,155.9,155.8,155.8,147300
2026/03/13 10:51:00,155.9,155.9,155.8,155.9,97700
2026/03/13 10:52:00,155.8,155.9,155.8,155.9,22700
2026/03/13 10:53:00,155.9,155.9,155.7,155.7,845000
2026/03/13 10:54:00,155.8,155.8,155.7,155.7,9200
2026/03/13 10:55:00,155.7,155.8,155.7,155.8,361700
2026/03/13 10:56:00,155.8,155.8,155.7,155.7,56100
2026/03/13 10:57:00,155.7,155.8,155.6,155.7,1610000
2026/03/13 10:58:00,155.7,155.8,155.6,155.7,304200
2026/03/13 10:59:00,155.7,155.7,155.6,155.7,370100
2026/03/13 11:00:00,155.7,155.7,155.6,155.6,79000
2026/03/13 11:01:00,155.7,155.7,155.6,155.6,3600
2026/03/13 11:02:00,155.7,155.7,155.6,155.7,18400
2026/03/13 11:03:00,155.7,155.7,155.6,155.7,23900
2026/03/13 11:04:00,155.6,155.7,155.6,155.6,16000
2026/03/13 11:05:00,155.7,155.8,155.6,155.8,734500
2026/03/13 11:06:00,155.8,155.8,155.7,155.8,88000
2026/03/13 11:07:00,155.8,155.9,155.8,155.8,611000
2026/03/13 11:08:00,155.9,155.9,155.8,155.9,65800
2026/03/13 11:09:00,155.9,155.9,155.7,155.8,734200
2026/03/13 11:10:00,155.8,155.8,155.5,155.6,1994200
2026/03/13 11:11:00,155.6,155.7,155.6,155.7,82000
2026/03/13 11:12:00,155.6,155.7,155.6,155.7,44600
2026/03/13 11:13:00,155.6,155.7,155.6,155.7,251500
2026/03/13 11:14:00,155.7,155.7,155.5,155.5,192100
2026/03/13 11:15:00,155.5,155.6,155.5,155.6,1004100
2026/03/13 11:16:00,155.6,155.7,155.6,155.7,31000
2026/03/13 11:17:00,155.7,155.7,155.7,155.7,33000
2026/03/13 11:18:00,155.7,155.7,155.6,155.6,356900
2026/03/13 11:19:00,155.7,155.7,155.6,155.6,17000
2026/03/13 11:20:00,155.7,155.8,155.6,155.7,844000
2026/03/13 11:21:00,155.8,155.8,155.7,155.7,12600
2026/03/13 11:22:00,155.7,155.8,155.7,155.7,60800
2026/03/13 11:23:00,155.8,155.8,155.7,155.8,125600
2026/03/13 11:24:00,155.8,155.8,155.7,155.7,189200
2026/03/13 11:25:00,155.7,155.8,155.6,155.6,290000
2026/03/13 11:26:00,155.7,155.7,155.6,155.6,130000
2026/03/13 11:27:00,155.7,155.7,155.6,155.6,127800
2026/03/13 11:28:00,155.6,155.7,155.6,155.6,237100
2026/03/13 11:29:00,155.6,155.7,155.6,155.6,30300
2026/03/13 11:30:00,155.6,155.6,155.6,155.6,340200
2026/03/13 12:30:00,155.4,155.6,155.4,155.6,3755300
2026/03/13 12:31:00,155.5,155.6,155.4,155.5,721000
2026/03/13 12:32:00,155.6,155.6,155.5,155.5,123600
2026/03/13 12:33:00,155.5,155.5,155.3,155.4,999700
2026/03/13 12:34:00,155.4,155.5,155.4,155.5,63600
2026/03/13 12:35:00,155.5,155.6,155.4,155.5,1066200
2026/03/13 12:36:00,155.5,155.5,155.4,155.5,144900
2026/03/13 12:37:00,155.5,155.5,155.4,155.5,61000
2026/03/13 12:38:00,155.5,155.5,155.4,155.5,17300
2026/03/13 12:39:00,155.4,155.5,155.4,155.5,224800
2026/03/13 12:40:00,155.4,155.4,155.3,155.3,1124400
2026/03/13 12:41:00,155.3,155.4,155.3,155.3,224500
2026/03/13 12:42:00,155.4,155.4,155.3,155.4,15800
2026/03/13 12:43:00,155.3,155.3,155.3,155.3,380700
2026/03/13 12:44:00,155.3,155.4,155.2,155.2,542000
2026/03/13 12:45:00,155.3,155.3,155.2,155.3,99000
2026/03/13 12:46:00,155.2,155.3,155.2,155.3,222000
2026/03/13 12:47:00,155.2,155.4,155.2,155.4,828500
2026/03/13 12:48:00,155.4,155.4,155.3,155.3,57000
2026/03/13 12:49:00,155.4,155.4,155.3,155.4,27000
2026/03/13 12:50:00,155.4,155.4,155.3,155.3,562600
2026/03/13 12:51:00,155.2,155.3,155.2,155.3,38800
2026/03/13 12:52:00,155.3,155.3,155.2,155.3,25300
2026/03/13 12:53:00,155.3,155.3,155.2,155.2,107700
2026/03/13 12:54:00,155.2,155.3,155.2,155.3,30500
2026/03/13 12:55:00,155.3,155.3,155.2,155.2,338100
2026/03/13 12:56:00,155.2,155.3,155.1,155.2,1837800
2026/03/13 12:57:00,155.1,155.2,155.1,155.1,8600
2026/03/13 12:58:00,155.1,155.2,155.1,155.2,60000
2026/03/13 12:59:00,155.2,155.2,155.1,155.2,47800
2026/03/13 13:00:00,155.1,155.2,155.1,155.1,45000
2026/03/13 13:01:00,155.1,155.2,155.1,155.2,77900
2026/03/13 13:02:00,155.1,155.2,155.1,155.1,520900
2026/03/13 13:03:00,155.2,155.2,155.1,155.1,147200
2026/03/13 13:04:00,155.2,155.2,155.1,155.2,157000
2026/03/13 13:05:00,155.2,155.2,155.1,155.2,112900
2026/03/13 13:06:00,155.1,155.2,155.1,155.2,50500
2026/03/13 13:07:00,155.2,155.2,155.1,155.2,116700
2026/03/13 13:08:00,155.2,155.2,155.1,155.1,131900
2026/03/13 13:09:00,155.2,155.2,155.1,155.2,33100
2026/03/13 13:10:00,155.2,155.2,155.1,155.1,244300
2026/03/13 13:11:00,155.1,155.2,155.1,155.2,125200
2026/03/13 13:12:00,155.1,155.2,155.1,155.2,56300
2026/03/13 13:13:00,155.2,155.2,155.1,155.1,20400
2026/03/13 13:14:00,155.2,155.2,155.1,155.1,142400
2026/03/13 13:15:00,155.1,155.2,155.1,155.1,142500
2026/03/13 13:16:00,155.1,155.2,155.1,155.1,224900
2026/03/13 13:17:00,155.1,155.2,155.1,155.1,102900
2026/03/13 13:18:00,155.1,155.2,155,155,1048500
2026/03/13 13:19:00,155,155.1,154.9,154.9,2828800
2026/03/13 13:20:00,154.9,155.1,154.9,155.1,1694500
2026/03/13 13:21:00,155,155.1,155,155.1,243800
2026/03/13 13:22:00,155,155.1,155,155.1,24900
2026/03/13 13:23:00,155,155.1,155,155.1,131700
2026/03/13 13:24:00,155,155.1,155,155,33100
2026/03/13 13:25:00,155.1,155.1,155,155.1,71400
2026/03/13 13:26:00,155.1,155.1,154.9,155,783000
2026/03/13 13:27:00,155,155,154.9,155,242400
2026/03/13 13:28:00,154.9,155,154.9,154.9,14800
2026/03/13 13:29:00,155,155,154.9,155,498600
2026/03/13 13:30:00,154.9,155,154.9,155,27000
2026/03/13 13:31:00,154.9,155,154.9,154.9,224400
2026/03/13 13:32:00,154.9,155,154.9,154.9,113600
2026/03/13 13:33:00,154.9,155,154.9,154.9,47500
2026/03/13 13:34:00,154.9,155,154.9,154.9,173900
2026/03/13 13:35:00,154.9,155,154.9,154.9,135100
2026/03/13 13:36:00,154.9,155,154.9,154.9,17700
2026/03/13 13:37:00,155,155,154.9,155,138500
2026/03/13 13:38:00,155,155,154.9,155,170600
2026/03/13 13:39:00,154.9,155,154.9,155,327400
2026/03/13 13:40:00,155,155,154.9,154.9,30200
2026/03/13 13:41:00,155,155,154.9,155,3369400
2026/03/13 13:42:00,155,155,154.8,154.9,1672700
2026/03/13 13:43:00,154.9,154.9,154.8,154.9,294900
2026/03/13 13:44:00,154.8,154.9,154.8,154.8,49700
2026/03/13 13:45:00,154.9,154.9,154.8,154.9,6600
2026/03/13 13:46:00,154.8,154.9,154.8,154.9,72000
2026/03/13 13:47:00,154.8,154.9,154.8,154.8,79900
2026/03/13 13:48:00,154.9,154.9,154.8,154.9,197000
2026/03/13 13:49:00,154.8,154.9,154.8,154.8,170500
2026/03/13 13:50:00,154.9,154.9,154.8,154.9,100500
2026/03/13 13:51:00,154.9,154.9,154.8,154.8,113900
2026/03/13 13:52:00,154.9,154.9,154.8,154.8,139900
2026/03/13 13:53:00,154.8,154.9,154.8,154.8,1728100
2026/03/13 13:54:00,154.8,154.9,154.8,154.8,88300
2026/03/13 13:55:00,154.9,155,154.8,155,1160100
2026/03/13 13:56:00,155,155,155,155,16100
2026/03/13 13:57:00,155,155,154.9,154.9,69400
2026/03/13 13:58:00,155,155,154.9,154.9,7800
2026/03/13 13:59:00,155,155,154.9,155,107800
2026/03/13 14:00:00,154.9,155,154.9,154.9,21200
2026/03/13 14:01:00,154.9,154.9,154.8,154.9,840800
2026/03/13 14:02:00,154.8,154.9,154.8,154.8,120700
2026/03/13 14:03:00,154.8,154.9,154.8,154.9,109400
2026/03/13 14:04:00,154.8,154.9,154.7,154.7,1024600
2026/03/13 14:05:00,154.7,154.8,154.7,154.7,175600
2026/03/13 14:06:00,154.7,154.9,154.7,154.8,1323500
2026/03/13 14:07:00,154.9,154.9,154.7,154.7,483500
2026/03/13 14:08:00,154.8,154.8,154.7,154.8,699100
2026/03/13 14:09:00,154.8,154.8,154.7,154.7,15300
2026/03/13 14:10:00,154.8,154.8,154.7,154.7,111200
2026/03/13 14:11:00,154.8,154.8,154.8,154.8,87600
2026/03/13 14:12:00,154.8,154.8,154.7,154.7,72500
2026/03/13 14:13:00,154.7,154.8,154.7,154.7,96300
2026/03/13 14:14:00,154.7,154.8,154.7,154.8,75800
2026/03/13 14:15:00,154.7,154.8,154.7,154.8,66400
2026/03/13 14:16:00,154.7,154.8,154.7,154.7,292900
2026/03/13 14:17:00,154.7,154.8,154.7,154.7,1004300
2026/03/13 14:18:00,154.8,154.8,154.7,154.8,3700
2026/03/13 14:19:00,154.7,154.8,154.7,154.8,88600
2026/03/13 14:20:00,154.7,154.8,154.7,154.7,106100
2026/03/13 14:21:00,154.7,154.8,154.7,154.7,74600
2026/03/13 14:22:00,154.7,154.8,154.7,154.8,73100
2026/03/13 14:23:00,154.7,154.8,154.7,154.8,51400
2026/03/13 14:24:00,154.8,155,154.8,155,1996000
2026/03/13 14:25:00,155,155,154.9,154.9,62800
2026/03/13 14:26:00,155,155,154.8,154.9,830200
2026/03/13 14:27:00,154.9,154.9,154.8,154.9,6600
2026/03/13 14:28:00,154.8,154.9,154.8,154.9,48900
2026/03/13 14:29:00,154.9,154.9,154.9,154.9,2600
2026/03/13 14:30:00,154.9,155,154.9,155,497200
2026/03/13 14:31:00,155,155,154.9,155,61600
2026/03/13 14:32:00,155,155,154.9,155,33600
2026/03/13 14:33:00,154.9,155,154.9,155,900
2026/03/13 14:34:00,155,155,154.8,154.9,1037000
2026/03/13 14:35:00,155,155,154.8,154.9,540700
2026/03/13 14:36:00,154.8,154.9,154.8,154.8,26800
2026/03/13 14:37:00,154.9,154.9,154.8,154.8,25900
2026/03/13 14:38:00,154.9,154.9,154.8,154.9,19800
2026/03/13 14:39:00,154.9,154.9,154.8,154.8,186000
2026/03/13 14:40:00,154.9,155,154.8,155,1012500
2026/03/13 14:41:00,155,155,154.9,155,7100
2026/03/13 14:42:00,155,155,154.9,154.9,40400
2026/03/13 14:43:00,154.9,155,154.9,154.9,62800
2026/03/13 14:44:00,155,155,154.9,154.9,19300
2026/03/13 14:45:00,154.9,155,154.9,154.9,20200
2026/03/13 14:46:00,154.9,154.9,154.8,154.8,957000
2026/03/13 14:47:00,154.8,154.9,154.8,154.8,23600
2026/03/13 14:48:00,154.8,154.9,154.8,154.8,27200
2026/03/13 14:49:00,154.8,154.9,154.8,154.8,10800
2026/03/13 14:50:00,154.9,154.9,154.8,154.8,200600
2026/03/13 14:51:00,154.9,154.9,154.8,154.9,287200
2026/03/13 14:52:00,154.8,154.9,154.8,154.8,59400
2026/03/13 14:53:00,154.8,154.9,154.8,154.9,52000
2026/03/13 14:54:00,154.8,154.9,154.8,154.8,267900
2026/03/13 14:55:00,154.8,154.9,154.8,154.9,427200
2026/03/13 14:56:00,154.9,154.9,154.8,154.9,37600
2026/03/13 14:57:00,154.8,154.9,154.8,154.8,218000
2026/03/13 14:58:00,154.8,154.9,154.8,154.8,53000
2026/03/13 14:59:00,154.8,154.9,154.8,154.8,139800
2026/03/13 15:00:00,154.8,154.9,154.8,154.8,237500
2026/03/13 15:01:00,154.8,154.9,154.8,154.8,824100
2026/03/13 15:02:00,154.8,154.9,154.8,154.8,995400
2026/03/13 15:03:00,154.9,154.9,154.8,154.8,158700
2026/03/13 15:04:00,154.8,154.9,154.8,154.8,19100
2026/03/13 15:05:00,154.8,154.9,154.8,154.8,154600
2026/03/13 15:06:00,154.8,154.9,154.8,154.8,36400
2026/03/13 15:07:00,154.8,154.9,154.8,154.8,30000
2026/03/13 15:08:00,154.8,155,154.8,155,1605900
2026/03/13 15:09:00,154.9,155,154.9,154.9,10900
2026/03/13 15:10:00,154.9,155,154.9,154.9,253400
2026/03/13 15:11:00,155,155,154.9,154.9,24800
2026/03/13 15:12:00,154.9,155,154.9,155,269800
2026/03/13 15:13:00,155,155,154.9,155,117600
2026/03/13 15:14:00,155,155.1,154.9,155.1,2631900
2026/03/13 15:15:00,155,155.1,155,155.1,153500
2026/03/13 15:16:00,155.1,155.1,155,155.1,216100
2026/03/13 15:17:00,155.1,155.3,155,155.3,2801000
2026/03/13 15:18:00,155.2,155.2,155.1,155.2,1205500
2026/03/13 15:19:00,155.2,155.2,155,155.1,625300
2026/03/13 15:20:00,155.1,155.2,155.1,155.2,574900
2026/03/13 15:21:00,155.1,155.2,155.1,155.2,240900
2026/03/13 15:22:00,155.1,155.3,155.1,155.2,1461200
2026/03/13 15:23:00,155.3,155.3,155.1,155.2,1083500
2026/03/13 15:24:00,155.3,155.3,155.2,155.2,592300
2026/03/13 15:30:00,154.7,154.7,154.7,154.7,38596900
2026/03/16 09:00:00,155.4,155.5,154.5,154.6,24951700
2026/03/16 09:01:00,154.6,154.8,154.6,154.6,925500
2026/03/16 09:02:00,154.6,154.7,154.5,154.6,721600
2026/03/16 09:03:00,154.6,154.8,154.4,154.8,3714300
2026/03/16 09:04:00,154.8,154.8,154.7,154.7,1795500
2026/03/16 09:05:00,154.7,155,154.7,154.9,1052600
2026/03/16 09:06:00,154.9,155.2,154.8,155.1,1756200
2026/03/16 09:07:00,155.2,155.3,155,155.1,1124200
2026/03/16 09:08:00,155,155.3,154.6,154.9,3104400
2026/03/16 09:09:00,154.9,155,154.9,155,2263500
2026/03/16 09:10:00,154.9,155.3,154.9,155.3,1856800
2026/03/16 09:11:00,155.3,155.4,155.3,155.4,62000
2026/03/16 09:12:00,155.4,155.4,155.2,155.3,2448500
2026/03/16 09:13:00,155.3,155.5,155.2,155.4,903300
2026/03/16 09:14:00,155.4,155.5,155.3,155.4,288000
2026/03/16 09:15:00,155.5,155.8,155.5,155.7,2164100
2026/03/16 09:16:00,155.7,155.7,155.6,155.7,632900
2026/03/16 09:17:00,155.7,155.7,155.4,155.5,1082200
2026/03/16 09:18:00,155.4,155.5,155.3,155.4,692400
2026/03/16 09:19:00,155.4,155.7,155.4,155.7,1308300
2026/03/16 09:20:00,155.7,155.9,155.7,155.8,722100
2026/03/16 09:21:00,155.8,155.9,155.7,155.7,228700
2026/03/16 09:22:00,155.7,155.8,155.7,155.8,452900
2026/03/16 09:23:00,155.8,155.8,155.7,155.8,101900
2026/03/16 09:24:00,155.7,155.9,155.7,155.8,402900
2026/03/16 09:25:00,155.9,155.9,155.7,155.8,362200
2026/03/16 09:26:00,155.8,156,155.8,156,658300
2026/03/16 09:27:00,156,156.2,155.9,156.1,1876500
2026/03/16 09:28:00,156.1,156.2,156,156,523100
2026/03/16 09:29:00,156.1,156.1,156,156,122800
2026/03/16 09:30:00,156.1,156.2,156,156.1,415200
2026/03/16 09:31:00,156.1,156.1,155.9,156,478900
2026/03/16 09:32:00,155.9,156,155.9,156,93600
2026/03/16 09:33:00,155.9,156.1,155.9,156.1,364100
2026/03/16 09:34:00,156,156.1,155.9,155.9,813000
2026/03/16 09:35:00,155.9,156.1,155.9,156.1,131100
2026/03/16 09:36:00,156.1,156.1,156,156.1,52500
2026/03/16 09:37:00,156.1,156.1,156,156.1,57200
2026/03/16 09:38:00,156,156.1,155.9,156,1118400
2026/03/16 09:39:00,156,156.1,155.9,156.1,316900
2026/03/16 09:40:00,156.1,156.1,156,156.1,97100
2026/03/16 09:41:00,156.1,156.1,156,156.1,68800
2026/03/16 09:42:00,156,156.1,156,156.1,158700
2026/03/16 09:43:00,156,156.2,156,156.2,866700
2026/03/16 09:44:00,156.2,156.2,156.1,156.1,68500
2026/03/16 09:45:00,156.1,156.3,156.1,156.2,1491300
2026/03/16 09:46:00,156.2,156.3,156.2,156.2,85500
2026/03/16 09:47:00,156.2,156.3,156.2,156.3,511700
2026/03/16 09:48:00,156.2,156.3,156.2,156.3,114500
2026/03/16 09:49:00,156.3,156.3,156.2,156.2,475700
2026/03/16 09:50:00,156.2,156.2,156.1,156.1,67600
2026/03/16 09:51:00,156.1,156.3,156.1,156.3,715500
2026/03/16 09:52:00,156.2,156.3,156.2,156.2,43300
2026/03/16 09:53:00,156.3,156.3,156.2,156.2,230900
2026/03/16 09:54:00,156.2,156.2,156.1,156.2,709200
2026/03/16 09:55:00,156.2,156.2,156.1,156.1,20700
2026/03/16 09:56:00,156.1,156.3,156.1,156.3,573900
2026/03/16 09:57:00,156.2,156.3,156.2,156.2,260400
2026/03/16 09:58:00,156.2,156.3,156.2,156.3,307400
2026/03/16 09:59:00,156.2,156.3,156.2,156.2,44600
2026/03/16 10:00:00,156.2,156.3,156.2,156.2,47700
2026/03/16 10:01:00,156.3,156.5,156.3,156.4,3753200
2026/03/16 10:02:00,156.3,156.4,156.2,156.3,283800
2026/03/16 10:03:00,156.3,156.3,156.1,156.2,373400
2026/03/16 10:04:00,156.2,156.2,156,156,726400
2026/03/16 10:05:00,156.1,156.1,156,156.1,184600
2026/03/16 10:06:00,156,156.2,156,156.1,596400
2026/03/16 10:07:00,156.2,156.2,156.1,156.2,22600
2026/03/16 10:08:00,156.2,156.2,156.1,156.1,516500
2026/03/16 10:09:00,156.2,156.2,156,156.1,1019400
2026/03/16 10:10:00,156,156.1,156,156.1,46200
2026/03/16 10:11:00,156.1,156.1,156,156.1,779500
2026/03/16 10:12:00,156.2,156.2,156.1,156.2,16400
2026/03/16 10:13:00,156.1,156.2,156.1,156.1,80700
2026/03/16 10:14:00,156.1,156.2,156,156.1,902600
2026/03/16 10:15:00,156.1,156.2,156.1,156.1,48100
2026/03/16 10:16:00,156.1,156.2,156.1,156.1,74800
2026/03/16 10:17:00,156.2,156.2,156.1,156.2,193700
2026/03/16 10:18:00,156.2,156.2,156.1,156.2,41400
2026/03/16 10:19:00,156.1,156.2,156.1,156.1,96100
2026/03/16 10:20:00,156.2,156.2,156.1,156.1,96100
2026/03/16 10:21:00,156.1,156.2,156.1,156.1,31100
2026/03/16 10:22:00,156.2,156.2,156.1,156.1,46400
2026/03/16 10:23:00,156.2,156.2,156.1,156.2,151400
2026/03/16 10:24:00,156.1,156.2,156.1,156.1,129000
2026/03/16 10:25:00,156.1,156.3,156.1,156.3,1236100
2026/03/16 10:26:00,156.2,156.3,156.1,156.1,429400
2026/03/16 10:27:00,156.1,156.2,156.1,156.1,13900
2026/03/16 10:28:00,156.1,156.2,156.1,156.2,181400
2026/03/16 10:29:00,156.1,156.2,156,156.1,343500
2026/03/16 10:30:00,156,156,155.9,155.9,1540400
2026/03/16 10:31:00,155.9,156,155.9,155.9,477200
2026/03/16 10:32:00,155.9,156,155.9,155.9,151100
2026/03/16 10:33:00,156,156,155.9,155.9,1464400
2026/03/16 10:34:00,156,156,155.9,155.9,197600
2026/03/16 10:35:00,156,156.1,156,156,1402300
2026/03/16 10:36:00,156,156.2,156,156.2,786200
2026/03/16 10:37:00,156.1,156.5,156.1,156.4,1881000
2026/03/16 10:38:00,156.4,156.4,156.2,156.2,819000
2026/03/16 10:39:00,156.2,156.3,156.1,156.1,706500
2026/03/16 10:40:00,156.1,156.2,156.1,156.2,668800
2026/03/16 10:41:00,156.2,156.3,156.2,156.3,518900
2026/03/16 10:42:00,156.3,156.4,156.3,156.3,342100
2026/03/16 10:43:00,156.4,156.4,156.2,156.2,288400
2026/03/16 10:44:00,156.2,156.3,156.1,156.2,318100
2026/03/16 10:45:00,156.2,156.3,156.1,156.3,310600
2026/03/16 10:46:00,156.3,156.3,156.2,156.3,12100
2026/03/16 10:47:00,156.3,156.3,156.2,156.3,26100
2026/03/16 10:48:00,156.3,156.3,156.2,156.3,48800
2026/03/16 10:49:00,156.3,156.3,156.2,156.2,67900
2026/03/16 10:50:00,156.2,156.5,156.2,156.4,1930400
2026/03/16 10:51:00,156.3,156.4,156.3,156.4,292400
2026/03/16 10:52:00,156.4,156.4,156.3,156.3,2100
2026/03/16 10:53:00,156.4,156.4,156.3,156.4,49200
2026/03/16 10:54:00,156.3,156.4,156.3,156.3,131900
2026/03/16 10:55:00,156.3,156.4,156.3,156.4,93900
2026/03/16 10:56:00,156.4,156.6,156.4,156.6,1544800
2026/03/16 10:57:00,156.6,156.6,156.5,156.6,122500
2026/03/16 10:58:00,156.6,156.6,156.5,156.6,57300
2026/03/16 10:59:00,156.6,156.6,156.5,156.6,885900
2026/03/16 11:00:00,156.6,156.7,156.5,156.7,334300
2026/03/16 11:01:00,156.6,156.7,156.6,156.7,55000
2026/03/16 11:02:00,156.7,156.7,156.6,156.6,24200
2026/03/16 11:03:00,156.7,156.7,156.6,156.6,1059600
2026/03/16 11:04:00,156.6,156.6,156.5,156.6,5100
2026/03/16 11:05:00,156.5,156.6,156.5,156.5,29800
2026/03/16 11:06:00,156.5,156.6,156.5,156.6,21900
2026/03/16 11:07:00,156.6,156.6,156.5,156.6,70700
2026/03/16 11:08:00,156.6,156.6,156.4,156.4,739100
2026/03/16 11:09:00,156.5,156.5,156.4,156.5,40400
2026/03/16 11:10:00,156.4,156.5,156.4,156.5,96600
2026/03/16 11:11:00,156.5,156.6,156.5,156.5,417200
2026/03/16 11:12:00,156.6,156.6,156.4,156.5,759000
2026/03/16 11:13:00,156.5,156.5,156.4,156.5,459200
2026/03/16 11:14:00,156.5,156.6,156.5,156.6,1467100
2026/03/16 11:15:00,156.7,156.9,156.6,156.8,2392500
2026/03/16 11:16:00,156.7,156.8,156.6,156.7,841400
2026/03/16 11:17:00,156.7,156.7,156.6,156.6,331400
2026/03/16 11:18:00,156.6,156.7,156.6,156.6,1164700
2026/03/16 11:19:00,156.6,156.8,156.5,156.5,1335700
2026/03/16 11:20:00,156.5,156.6,156.5,156.6,5000
2026/03/16 11:21:00,156.6,156.7,156.6,156.7,343400
2026/03/16 11:22:00,156.7,156.7,156.6,156.7,27700
2026/03/16 11:23:00,156.6,156.7,156.6,156.6,833200
2026/03/16 11:24:00,156.7,156.7,156.6,156.6,333600
2026/03/16 11:25:00,156.7,156.7,156.6,156.6,44600
2026/03/16 11:26:00,156.7,156.7,156.6,156.7,132800
2026/03/16 11:27:00,156.6,156.8,156.6,156.8,442600
2026/03/16 11:28:00,156.8,156.9,156.7,156.9,674400
2026/03/16 11:29:00,156.9,156.9,156.8,156.9,151400
2026/03/16 11:30:00,156.8,156.8,156.8,156.8,916100
2026/03/16 12:30:00,156.9,157,156.8,156.9,7034700
2026/03/16 12:31:00,156.9,156.9,156.8,156.9,1794300
2026/03/16 12:32:00,156.8,156.9,156.6,156.8,1836300
2026/03/16 12:33:00,156.7,156.9,156.7,156.9,561300
2026/03/16 12:34:00,156.8,156.9,156.8,156.9,219900
2026/03/16 12:35:00,156.9,156.9,156.8,156.9,310400
2026/03/16 12:36:00,156.9,157,156.7,157,1313300
2026/03/16 12:37:00,156.9,157,156.9,156.9,91900
2026/03/16 12:38:00,157,157.1,156.9,157,5105600
2026/03/16 12:39:00,157,157.1,156.9,156.9,592600
2026/03/16 12:40:00,156.9,157,156.8,157,1121400
2026/03/16 12:41:00,157,157,156.9,157,201800
2026/03/16 12:42:00,156.9,157,156.9,157,178900
2026/03/16 12:43:00,157,157.1,157,157.1,497500
2026/03/16 12:44:00,157,157.2,157,157.2,865800
2026/03/16 12:45:00,157.1,157.3,157,157.2,1764900
2026/03/16 12:46:00,157.3,157.3,157.2,157.2,1016500
2026/03/16 12:47:00,157.2,157.2,157.1,157.1,158300
2026/03/16 12:48:00,157.2,157.2,157.1,157.1,143500
2026/03/16 12:49:00,157.2,157.2,157.1,157.2,110400
2026/03/16 12:50:00,157.2,157.2,157.1,157.2,277600
2026/03/16 12:51:00,157.2,157.2,157.1,157.2,400000
2026/03/16 12:52:00,157.2,157.2,157,157.1,1564500
2026/03/16 12:53:00,157.1,157.1,157,157.1,226000
2026/03/16 12:54:00,157,157.1,157,157.1,370100
2026/03/16 12:55:00,157.1,157.1,156.9,157,1179700
2026/03/16 12:56:00,156.9,157,156.7,156.8,2990200
2026/03/16 12:57:00,156.8,156.8,156.7,156.8,16700
2026/03/16 12:58:00,156.8,156.8,156.7,156.7,46900
2026/03/16 12:59:00,156.7,156.8,156.7,156.8,51200
2026/03/16 13:00:00,156.8,156.8,156.7,156.7,855100
2026/03/16 13:01:00,156.7,156.8,156.7,156.7,65600
2026/03/16 13:02:00,156.7,156.8,156.6,156.6,411700
2026/03/16 13:03:00,156.6,156.7,156.6,156.7,7900
2026/03/16 13:04:00,156.7,156.7,156.6,156.7,140500
2026/03/16 13:05:00,156.7,156.7,156.6,156.6,91200
2026/03/16 13:06:00,156.7,156.7,156.6,156.7,102200
2026/03/16 13:07:00,156.6,156.7,156.6,156.6,110900
2026/03/16 13:08:00,156.6,156.7,156.6,156.6,113700
2026/03/16 13:09:00,156.7,156.7,156.6,156.7,171300
2026/03/16 13:10:00,156.7,156.8,156.7,156.8,654200
2026/03/16 13:11:00,156.8,156.8,156.7,156.8,110400
2026/03/16 13:12:00,156.7,156.8,156.7,156.7,97400
2026/03/16 13:13:00,156.8,156.8,156.7,156.7,117300
2026/03/16 13:14:00,156.8,156.8,156.7,156.8,98500
2026/03/16 13:15:00,156.7,156.7,156.6,156.7,1100100
2026/03/16 13:16:00,156.7,156.7,156.6,156.7,49000
2026/03/16 13:17:00,156.6,156.8,156.6,156.7,775000
2026/03/16 13:18:00,156.7,156.7,156.5,156.6,482700
2026/03/16 13:19:00,156.5,156.6,156.5,156.5,59000
2026/03/16 13:20:00,156.6,156.6,156.5,156.6,92800
2026/03/16 13:21:00,156.6,156.6,156.5,156.5,57800
2026/03/16 13:22:00,156.6,156.6,156.5,156.6,202800
2026/03/16 13:23:00,156.6,156.6,156.5,156.6,158300
2026/03/16 13:24:00,156.6,156.6,156.5,156.6,48300
2026/03/16 13:25:00,156.6,156.6,156.5,156.6,84600
2026/03/16 13:26:00,156.5,156.6,156.5,156.6,67100
2026/03/16 13:27:00,156.6,156.6,156.4,156.5,761100
2026/03/16 13:28:00,156.5,156.6,156.5,156.5,63000
2026/03/16 13:29:00,156.5,156.6,156.5,156.6,47900
2026/03/16 13:30:00,156.5,156.6,156.5,156.6,81300
2026/03/16 13:31:00,156.6,156.6,156.5,156.6,64600
2026/03/16 13:32:00,156.5,156.6,156.5,156.6,971200
2026/03/16 13:33:00,156.5,156.6,156.4,156.5,779900
2026/03/16 13:34:00,156.5,156.6,156.5,156.5,351900
2026/03/16 13:35:00,156.4,156.5,156.4,156.5,28800
2026/03/16 13:36:00,156.5,156.5,156.4,156.4,43100
2026/03/16 13:37:00,156.5,156.5,156.4,156.4,220300
2026/03/16 13:38:00,156.5,156.5,156.4,156.5,701600
2026/03/16 13:39:00,156.5,156.5,156.4,156.5,51100
2026/03/16 13:40:00,156.5,156.5,156.4,156.5,56200
2026/03/16 13:41:00,156.5,156.5,156.4,156.5,94300
2026/03/16 13:42:00,156.5,156.5,156.4,156.5,83000
2026/03/16 13:43:00,156.5,156.5,156.4,156.5,63500
2026/03/16 13:44:00,156.4,156.5,156.4,156.4,161100
2026/03/16 13:45:00,156.4,156.5,156.4,156.5,112100
2026/03/16 13:46:00,156.5,156.5,156.4,156.4,213300
2026/03/16 13:47:00,156.5,156.5,156.4,156.5,109300
2026/03/16 13:48:00,156.4,156.5,156.3,156.4,592700
2026/03/16 13:49:00,156.3,156.4,156.3,156.4,14600
2026/03/16 13:50:00,156.3,156.4,156.3,156.4,60000
2026/03/16 13:51:00,156.4,156.4,156.3,156.3,83400
2026/03/16 13:52:00,156.4,156.4,156.3,156.4,77900
2026/03/16 13:53:00,156.4,156.5,156.3,156.5,830900
2026/03/16 13:54:00,156.5,156.5,156.4,156.5,109700
2026/03/16 13:55:00,156.4,156.5,156.4,156.5,126600
2026/03/16 13:56:00,156.4,156.5,156.4,156.5,173600
2026/03/16 13:57:00,156.5,156.5,156.4,156.4,498500
2026/03/16 13:58:00,156.3,156.4,156.3,156.3,113800
2026/03/16 13:59:00,156.4,156.4,156.3,156.3,67500
2026/03/16 14:00:00,156.4,156.4,156.3,156.3,72300
2026/03/16 14:01:00,156.3,156.4,156.3,156.4,151700
2026/03/16 14:02:00,156.4,156.4,156.3,156.4,172300
2026/03/16 14:03:00,156.4,156.4,156.3,156.4,85300
2026/03/16 14:04:00,156.4,156.4,156.3,156.4,107500
2026/03/16 14:05:00,156.4,156.4,156.3,156.4,173100
2026/03/16 14:06:00,156.4,156.4,156.3,156.4,151500
2026/03/16 14:07:00,156.3,156.4,156.3,156.4,106300
2026/03/16 14:08:00,156.4,156.4,156.3,156.4,116900
2026/03/16 14:09:00,156.3,156.4,156.2,156.3,754200
2026/03/16 14:10:00,156.3,156.4,156.2,156.4,424000
2026/03/16 14:11:00,156.4,156.4,156.3,156.4,244800
2026/03/16 14:12:00,156.4,156.4,156.3,156.3,53200
2026/03/16 14:13:00,156.4,156.4,156.3,156.3,102800
2026/03/16 14:14:00,156.3,156.4,156.3,156.3,81800
2026/03/16 14:15:00,156.4,156.4,156.3,156.4,66400
2026/03/16 14:16:00,156.4,156.4,156.3,156.4,81400
2026/03/16 14:17:00,156.4,156.4,156.3,156.4,172000
2026/03/16 14:18:00,156.4,156.4,156.1,156.2,1060100
2026/03/16 14:19:00,156.2,156.2,156.1,156.1,37400
2026/03/16 14:20:00,156.2,156.2,156,156,557400
2026/03/16 14:21:00,156.1,156.1,156,156.1,579200
2026/03/16 14:22:00,156.1,156.1,156,156.1,140900
2026/03/16 14:23:00,156.1,156.1,156,156.1,59000
2026/03/16 14:24:00,156.1,156.1,156,156.1,279300
2026/03/16 14:25:00,156.1,156.1,156,156.1,118900
2026/03/16 14:26:00,156.1,156.1,156,156.1,233300
2026/03/16 14:27:00,156.1,156.1,156,156.1,49400
2026/03/16 14:28:00,156.1,156.1,155.9,155.9,1659400
2026/03/16 14:29:00,155.9,156,155.9,156,135000
2026/03/16 14:30:00,155.9,156,155.9,155.9,157300
2026/03/16 14:31:00,155.9,156,155.8,155.8,662600
2026/03/16 14:32:00,155.8,155.9,155.8,155.8,41800
2026/03/16 14:33:00,155.8,155.9,155.8,155.9,147900
2026/03/16 14:34:00,155.9,155.9,155.8,155.9,115200
2026/03/16 14:35:00,155.9,156,155.9,156,977200
2026/03/16 14:36:00,156,156,155.9,155.9,79700
2026/03/16 14:37:00,155.9,156,155.9,156,104600
2026/03/16 14:38:00,155.9,156,155.9,156,94900
2026/03/16 14:39:00,156,156,155.9,155.9,375600
2026/03/16 14:40:00,155.9,156,155.9,156,147000
2026/03/16 14:41:00,156,156,155.9,156,64000
2026/03/16 14:42:00,156,156,155.9,155.9,238900
2026/03/16 14:43:00,156,156,155.9,156,74600
2026/03/16 14:44:00,156,156,155.9,156,87200
2026/03/16 14:45:00,155.9,156,155.9,155.9,92700
2026/03/16 14:46:00,156,156,155.9,156,134400
2026/03/16 14:47:00,156,156,155.9,156,146800
2026/03/16 14:48:00,156,156,155.9,156,127300
2026/03/16 14:49:00,155.9,156,155.9,156,878700
2026/03/16 14:50:00,156,156.1,155.9,156.1,685400
2026/03/16 14:51:00,156.1,156.2,156,156.2,644300
2026/03/16 14:52:00,156.2,156.2,156.1,156.2,106700
2026/03/16 14:53:00,156.2,156.2,156.1,156.2,92200
2026/03/16 14:54:00,156.1,156.2,156.1,156.2,171800
2026/03/16 14:55:00,156.1,156.2,156.1,156.1,147000
2026/03/16 14:56:00,156.2,156.2,156,156.1,823600
2026/03/16 14:57:00,156.1,156.1,156,156.1,191600
2026/03/16 14:58:00,156,156.1,156,156,49600
2026/03/16 14:59:00,156,156,156,156,372100
2026/03/16 15:00:00,156,156,155.9,155.9,120700
2026/03/16 15:01:00,155.9,155.9,155.8,155.8,417000
2026/03/16 15:02:00,155.9,155.9,155.8,155.8,188100
2026/03/16 15:03:00,155.8,155.9,155.8,155.8,11400
2026/03/16 15:04:00,155.8,156,155.8,155.9,1260900
2026/03/16 15:05:00,156,156,155.9,156,80400
2026/03/16 15:06:00,156,156,155.9,156,60700
2026/03/16 15:07:00,156,156,155.9,156,57800
2026/03/16 15:08:00,155.9,156.1,155.9,156,1452100
2026/03/16 15:09:00,156.1,156.1,156,156,55900
2026/03/16 15:10:00,156,156.1,156,156.1,158200
2026/03/16 15:11:00,156.1,156.1,156,156.1,85400
2026/03/16 15:12:00,156.1,156.1,156,156.1,224900
2026/03/16 15:13:00,156,156.1,156,156,1771000
2026/03/16 15:14:00,156,156.1,155.9,156,150500
2026/03/16 15:15:00,155.9,156,155.9,156,101400
2026/03/16 15:16:00,155.9,156,155.9,155.9,88400
2026/03/16 15:17:00,155.9,156,155.9,156,88500
2026/03/16 15:18:00,155.9,156,155.9,156,122400
2026/03/16 15:19:00,155.9,156,155.9,155.9,188400
2026/03/16 15:20:00,155.9,156,155.9,156,465000
2026/03/16 15:21:00,155.9,156,155.9,155.9,377000
2026/03/16 15:22:00,155.9,156,155.9,155.9,414800
2026/03/16 15:23:00,156,156.1,155.9,156,757900
2026/03/16 15:24:00,156.1,156.1,155.9,156,510500
2026/03/16 15:30:00,155.7,155.7,155.7,155.7,34009800
